<metadata xml:lang="en"><Esri><CreaDate>20151023</CreaDate><CreaTime>16505200</CreaTime><ArcGISFormat>1.0</ArcGISFormat><ArcGISstyle>GISCO Metadata Editor 2012</ArcGISstyle><SyncOnce>FALSE</SyncOnce><DataProperties><itemProps><itemName Sync="TRUE">CENSUS_UNITS_At_2011</itemName><itemLocation><linkage Sync="TRUE">file://\\s-tlar\development\develop\JIRA-2015\GISCO-663_LAUcodes\CENSUS_LAU_2011\For publication\CENSUS_LAU_2011_SH\RG\CENSUS_UNITS_At_2011.dbf</linkage><protocol Sync="TRUE">Local Area Network</protocol></itemLocation><imsContentType Sync="TRUE">002</imsContentType><itemSize Sync="TRUE">0.000</itemSize></itemProps><lineage><Process ToolSource="C:\Program Files (x86)\ArcGIS\Desktop10.0\ArcToolbox\Toolboxes\Conversion Tools.tbx\TableToTable" Date="20151021" Time="180938" Name="" export="">TableToTable J:\develop\GISCO_db_management\Framework-Contract-2014\SC1\UNICODE.mdb\CENSUS_AT_2011_export J:\develop\JIRA-2015\GISCO-663_LAUcodes\CENSUS_2011\CENSUS_2011.gdb CENSUS_geocode_names # "CNTR_NUTS "CNTR_NUTS" true true false 255 Text 0 0 ,First,#,J:\develop\GISCO_db_management\Framework-Contract-2014\SC1\UNICODE.mdb\CENSUS_AT_2011_export,CNTR_NUTS,-1,-1;Geo_code "Geo_code" true true false 255 Text 0 0 ,First,#,J:\develop\GISCO_db_management\Framework-Contract-2014\SC1\UNICODE.mdb\CENSUS_AT_2011_export,Geo_code,-1,-1;Description "Description" true true false 255 Text 0 0 ,First,#,J:\develop\GISCO_db_management\Framework-Contract-2014\SC1\UNICODE.mdb\CENSUS_AT_2011_export,Description,-1,-1;Name_national "Name_national" true true false 255 Text 0 0 ,First,#,J:\develop\GISCO_db_management\Framework-Contract-2014\SC1\UNICODE.mdb\CENSUS_AT_2011_export,Name_national,-1,-1;Name_Latin "Name_Latin" true true false 255 Text 0 0 ,First,#,J:\develop\GISCO_db_management\Framework-Contract-2014\SC1\UNICODE.mdb\CENSUS_AT_2011_export,Name_Latin,-1,-1;NAME_HTML "NAME_HTML" true true false 255 Text 0 0 ,First,#,J:\develop\GISCO_db_management\Framework-Contract-2014\SC1\UNICODE.mdb\CENSUS_AT_2011_export,NAME_HTML,-1,-1;NAME_ASCI "NAME_ASCI" true true false 255 Text 0 0 ,First,#,J:\develop\GISCO_db_management\Framework-Contract-2014\SC1\UNICODE.mdb\CENSUS_AT_2011_export,NAME_ASCI,-1,-1" #</Process><Process ToolSource="C:\Program Files (x86)\ArcGIS\Desktop10.0\ArcToolbox\Toolboxes\Data Management Tools.tbx\CalculateField" Date="20151022" Time="114254" Name="" export="">CalculateField CENSUS_geocode_names CNTR_CODE Left( [Geo_code], 2 ) VB #</Process><Process ToolSource="C:\Program Files (x86)\ArcGIS\Desktop10.0\ArcToolbox\Toolboxes\Data Management Tools.tbx\CalculateField" Date="20151022" Time="114441" Name="" export="">CalculateField CENSUS_geocode_names NUTS3_ID Left( [Geo_code], 5 ) VB #</Process><Process ToolSource="C:\Program Files (x86)\ArcGIS\Desktop10.0\ArcToolbox\Toolboxes\Data Management Tools.tbx\CalculateField" Date="20151022" Time="114740" Name="" export="">CalculateField CENSUS_geocode_names NUTS3_ID null VB #</Process><Process ToolSource="C:\Program Files (x86)\ArcGIS\Desktop10.0\ArcToolbox\Toolboxes\Data Management Tools.tbx\CalculateField" Date="20151022" Time="115124" Name="" export="">CalculateField CENSUS_geocode_names LAU_CODE Mid( [Geo_code], 7, 15 ) VB #</Process><Process ToolSource="C:\Program Files (x86)\ArcGIS\Desktop10.0\ArcToolbox\Toolboxes\Data Management Tools.tbx\CalculateField" Date="20151022" Time="115208" Name="" export="">CalculateField CENSUS_geocode_names LAU_CODE null VB #</Process><Process ToolSource="C:\Program Files (x86)\ArcGIS\Desktop10.0\ArcToolbox\Toolboxes\Data Management Tools.tbx\CalculateField" Date="20151022" Time="153536" Name="" export="">CalculateField CENSUS_geocode_names_incl_EL LEN_HTML Len( [NAME_HTML]  ) VB #</Process><Process ToolSource="C:\Program Files (x86)\ArcGIS\Desktop10.0\ArcToolbox\Toolboxes\Data Management Tools.tbx\CalculateField" Date="20151022" Time="155355" Name="" export="">CalculateField CENSUS_geocode_names_incl_EL len_ascii Len(  [NAME_ASCI]  ) VB #</Process><Process ToolSource="C:\Program Files (x86)\ArcGIS\Desktop10.0\ArcToolbox\Toolboxes\Data Management Tools.tbx\CalculateField" Date="20151022" Time="162307" Name="" export="">CalculateField CENSUS_geocode_names_incl_EL len_name Len( [Name_national] ) VB #</Process><Process ToolSource="C:\Program Files (x86)\ArcGIS\Desktop10.0\ArcToolbox\Toolboxes\Data Management Tools.tbx\CalculateField" Date="20151022" Time="164027" Name="" export="">CalculateField CENSUS_geocode_names_incl_EL len_latin Len( [Name_Latin] ) VB #</Process><Process ToolSource="C:\Program Files (x86)\ArcGIS\Desktop10.0\ArcToolbox\Toolboxes\Data Management Tools.tbx\CalculateField" Date="20151023" Time="093509" Name="" export="">CalculateField CENSUS_geocode_names_incl_EL len_geo Len( [Geo_code] ) VB #</Process><Process ToolSource="C:\Program Files (x86)\ArcGIS\Desktop10.0\ArcToolbox\Toolboxes\Data Management Tools.tbx\CalculateField" Date="20151023" Time="100211" Name="" export="">CalculateField CENSUS_AT_2011_incl_EL CENS_ID [Geo_code] VB #</Process><Process ToolSource="C:\Program Files (x86)\ArcGIS\Desktop10.0\ArcToolbox\Toolboxes\Data Management Tools.tbx\CalculateField" Date="20151023" Time="100528" Name="" export="">CalculateField CENSUS_AT_2011_incl_EL COMMENT "Census data need to be manually added when joined with population figures" VB #</Process><Process ToolSource="C:\Program Files (x86)\ArcGIS\Desktop10.0\ArcToolbox\Toolboxes\Conversion Tools.tbx\TableToTable" Date="20151023" Time="113059" Name="" export="">TableToTable J:\develop\JIRA-2015\GISCO-663_LAUcodes\FINAL_CENSUS_2011\CENSUS_2011.gdb\CENSUS_AT_2011_incl_EL J:\develop\JIRA-2015\GISCO-663_LAUcodes\CENSUS_2011\CENSUS_2011.gdb CENSUS_AT_2011_incl_EL # "CENS_ID "CENS_ID" true true false 50 Text 0 0 ,First,#,J:\develop\JIRA-2015\GISCO-663_LAUcodes\FINAL_CENSUS_2011\CENSUS_2011.gdb\CENSUS_AT_2011_incl_EL,CENS_ID,-1,-1;CENS_NAME "CENS_NAME" true true false 100 Text 0 0 ,First,#,J:\develop\JIRA-2015\GISCO-663_LAUcodes\FINAL_CENSUS_2011\CENSUS_2011.gdb\CENSUS_AT_2011_incl_EL,CENS_NAME,-1,-1;NAME_LATN "NAME_LATN" true true false 100 Text 0 0 ,First,#,J:\develop\JIRA-2015\GISCO-663_LAUcodes\FINAL_CENSUS_2011\CENSUS_2011.gdb\CENSUS_AT_2011_incl_EL,NAME_LATN,-1,-1;NAME_HTML "NAME_HTML" true true false 100 Text 0 0 ,First,#,J:\develop\JIRA-2015\GISCO-663_LAUcodes\FINAL_CENSUS_2011\CENSUS_2011.gdb\CENSUS_AT_2011_incl_EL,NAME_HTML,-1,-1;NAME_ASCI "NAME_ASCI" true true false 100 Text 0 0 ,First,#,J:\develop\JIRA-2015\GISCO-663_LAUcodes\FINAL_CENSUS_2011\CENSUS_2011.gdb\CENSUS_AT_2011_incl_EL,NAME_ASCI,-1,-1;CNTR_CODE "CNTR_CODE" true true false 2 Text 0 0 ,First,#,J:\develop\JIRA-2015\GISCO-663_LAUcodes\FINAL_CENSUS_2011\CENSUS_2011.gdb\CENSUS_AT_2011_incl_EL,CNTR_CODE,-1,-1;NUTS_CODE "NUTS_CODE" true true false 5 Text 0 0 ,First,#,J:\develop\JIRA-2015\GISCO-663_LAUcodes\FINAL_CENSUS_2011\CENSUS_2011.gdb\CENSUS_AT_2011_incl_EL,NUTS_CODE,-1,-1;LAU_CODE "LAU_CODE" true true false 15 Text 0 0 ,First,#,J:\develop\JIRA-2015\GISCO-663_LAUcodes\FINAL_CENSUS_2011\CENSUS_2011.gdb\CENSUS_AT_2011_incl_EL,LAU_CODE,-1,-1;COMMENT "COMMENT" true true false 100 Text 0 0 ,First,#,J:\develop\JIRA-2015\GISCO-663_LAUcodes\FINAL_CENSUS_2011\CENSUS_2011.gdb\CENSUS_AT_2011_incl_EL,COMMENT,-1,-1" #</Process><Process ToolSource="C:\Program Files (x86)\ArcGIS\Desktop10.0\ArcToolbox\Toolboxes\Conversion Tools.tbx\TableToTable" Date="20151023" Time="165942" Name="" export="">TableToTable J:\develop\JIRA-2015\GISCO-663_LAUcodes\test.gdb\CENSUS_AT_2011 \\s-tlar\users\rasmujn\CENSUS\FINAL_CENSUS_2011\CENSUS_2011.gdb CENSUS_AT_2011 # "CENS_ID "CENS_ID" true true false 50 Text 0 0 ,First,#,J:\develop\JIRA-2015\GISCO-663_LAUcodes\test.gdb\CENSUS_AT_2011,CENS_ID,-1,-1;CENS_NAME "CENS_NAME" true true false 100 Text 0 0 ,First,#,J:\develop\JIRA-2015\GISCO-663_LAUcodes\test.gdb\CENSUS_AT_2011,CENS_NAME,-1,-1;NAME_LATN "NAME_LATN" true true false 100 Text 0 0 ,First,#,J:\develop\JIRA-2015\GISCO-663_LAUcodes\test.gdb\CENSUS_AT_2011,NAME_LATN,-1,-1;NAME_HTML "NAME_HTML" true true false 100 Text 0 0 ,First,#,J:\develop\JIRA-2015\GISCO-663_LAUcodes\test.gdb\CENSUS_AT_2011,NAME_HTML,-1,-1;NAME_ASCI "NAME_ASCI" true true false 100 Text 0 0 ,First,#,J:\develop\JIRA-2015\GISCO-663_LAUcodes\test.gdb\CENSUS_AT_2011,NAME_ASCI,-1,-1;CNTR_CODE "CNTR_CODE" true true false 2 Text 0 0 ,First,#,J:\develop\JIRA-2015\GISCO-663_LAUcodes\test.gdb\CENSUS_AT_2011,CNTR_CODE,-1,-1;NUTS_CODE "NUTS_CODE" true true false 5 Text 0 0 ,First,#,J:\develop\JIRA-2015\GISCO-663_LAUcodes\test.gdb\CENSUS_AT_2011,NUTS_CODE,-1,-1;LAU_CODE "LAU_CODE" true true false 15 Text 0 0 ,First,#,J:\develop\JIRA-2015\GISCO-663_LAUcodes\test.gdb\CENSUS_AT_2011,LAU_CODE,-1,-1;COMMENT "COMMENT" true true false 100 Text 0 0 ,First,#,J:\develop\JIRA-2015\GISCO-663_LAUcodes\test.gdb\CENSUS_AT_2011,COMMENT,-1,-1" #</Process><Process ToolSource="c:\program files (x86)\arcgis\desktop10.1\ArcToolbox\Toolboxes\Conversion Tools.tbx\TableToTable" Date="20151028" Time="151358">TableToTable J:\develop\JIRA-2015\GISCO-663_LAUcodes\CENSUS_LAU_2011\CENSUS_2011.gdb\CENSUS_LAU_AT_2011 "J:\develop\JIRA-2015\GISCO-663_LAUcodes\CENSUS_LAU_2011\For publication\CENSUS_LAU_2011_SH\RG" CENSUS_UNITS_At_2011.dbf # "CENS_ID "CENS_ID" true true false 50 Text 0 0 ,First,#,J:\develop\JIRA-2015\GISCO-663_LAUcodes\CENSUS_LAU_2011\CENSUS_2011.gdb\CENSUS_LAU_AT_2011,CENS_ID,-1,-1;CENS_NAME "CENS_NAME" true true false 100 Text 0 0 ,First,#,J:\develop\JIRA-2015\GISCO-663_LAUcodes\CENSUS_LAU_2011\CENSUS_2011.gdb\CENSUS_LAU_AT_2011,CENS_NAME,-1,-1;NAME_LATN "NAME_LATN" true true false 100 Text 0 0 ,First,#,J:\develop\JIRA-2015\GISCO-663_LAUcodes\CENSUS_LAU_2011\CENSUS_2011.gdb\CENSUS_LAU_AT_2011,NAME_LATN,-1,-1;NAME_HTML "NAME_HTML" true true false 100 Text 0 0 ,First,#,J:\develop\JIRA-2015\GISCO-663_LAUcodes\CENSUS_LAU_2011\CENSUS_2011.gdb\CENSUS_LAU_AT_2011,NAME_HTML,-1,-1;NAME_ASCI "NAME_ASCI" true true false 100 Text 0 0 ,First,#,J:\develop\JIRA-2015\GISCO-663_LAUcodes\CENSUS_LAU_2011\CENSUS_2011.gdb\CENSUS_LAU_AT_2011,NAME_ASCI,-1,-1;CNTR_CODE "CNTR_CODE" true true false 2 Text 0 0 ,First,#,J:\develop\JIRA-2015\GISCO-663_LAUcodes\CENSUS_LAU_2011\CENSUS_2011.gdb\CENSUS_LAU_AT_2011,CNTR_CODE,-1,-1;NUTS_CODE "NUTS_CODE" true true false 5 Text 0 0 ,First,#,J:\develop\JIRA-2015\GISCO-663_LAUcodes\CENSUS_LAU_2011\CENSUS_2011.gdb\CENSUS_LAU_AT_2011,NUTS_CODE,-1,-1;LAU_CODE "LAU_CODE" true true false 15 Text 0 0 ,First,#,J:\develop\JIRA-2015\GISCO-663_LAUcodes\CENSUS_LAU_2011\CENSUS_2011.gdb\CENSUS_LAU_AT_2011,LAU_CODE,-1,-1;COMMENT "COMMENT" true true false 100 Text 0 0 ,First,#,J:\develop\JIRA-2015\GISCO-663_LAUcodes\CENSUS_LAU_2011\CENSUS_2011.gdb\CENSUS_LAU_AT_2011,COMMENT,-1,-1" #</Process></lineage></DataProperties><SyncDate>20151028</SyncDate><SyncTime>15134300</SyncTime><ModDate>20151028</ModDate><ModTime>15134300</ModTime><scaleRange><minScale>50000</minScale><maxScale>5000</maxScale></scaleRange><ArcGISProfile>INSPIRE</ArcGISProfile></Esri><eainfo><detailed Name="CENSUS_UNITS_At_2011"><enttyp><enttypl Sync="TRUE">CENSUS_UNITS_At_2011</enttypl><enttypt Sync="TRUE">Table</enttypt><enttypc Sync="TRUE">0</enttypc></enttyp><attr><attrlabl Sync="TRUE">OID</attrlabl><attalias Sync="TRUE">OID</attalias><attrtype Sync="TRUE">OID</attrtype><attwidth Sync="TRUE">4</attwidth><atprecis Sync="TRUE">0</atprecis><attscale Sync="TRUE">0</attscale><attrdef Sync="TRUE">Internal feature number.</attrdef><attrdefs Sync="TRUE">Esri</attrdefs><attrdomv><udom Sync="TRUE">Sequential unique whole numbers that are automatically generated.</udom></attrdomv></attr><attr><attrlabl Sync="TRUE">CENS_ID</attrlabl><attalias Sync="TRUE">CENS_ID</attalias><attrtype Sync="TRUE">String</attrtype><attwidth Sync="TRUE">50</attwidth><atprecis Sync="TRUE">0</atprecis><attscale Sync="TRUE">0</attscale></attr><attr><attrlabl Sync="TRUE">CENS_NAME</attrlabl><attalias Sync="TRUE">CENS_NAME</attalias><attrtype Sync="TRUE">String</attrtype><attwidth Sync="TRUE">100</attwidth><atprecis Sync="TRUE">0</atprecis><attscale Sync="TRUE">0</attscale></attr><attr><attrlabl Sync="TRUE">NAME_LATN</attrlabl><attalias Sync="TRUE">NAME_LATN</attalias><attrtype Sync="TRUE">String</attrtype><attwidth Sync="TRUE">100</attwidth><atprecis Sync="TRUE">0</atprecis><attscale Sync="TRUE">0</attscale></attr><attr><attrlabl Sync="TRUE">NAME_HTML</attrlabl><attalias Sync="TRUE">NAME_HTML</attalias><attrtype Sync="TRUE">String</attrtype><attwidth Sync="TRUE">100</attwidth><atprecis Sync="TRUE">0</atprecis><attscale Sync="TRUE">0</attscale></attr><attr><attrlabl Sync="TRUE">NAME_ASCI</attrlabl><attalias Sync="TRUE">NAME_ASCI</attalias><attrtype Sync="TRUE">String</attrtype><attwidth Sync="TRUE">100</attwidth><atprecis Sync="TRUE">0</atprecis><attscale Sync="TRUE">0</attscale></attr><attr><attrlabl Sync="TRUE">CNTR_CODE</attrlabl><attalias Sync="TRUE">CNTR_CODE</attalias><attrtype Sync="TRUE">String</attrtype><attwidth Sync="TRUE">2</attwidth><atprecis Sync="TRUE">0</atprecis><attscale Sync="TRUE">0</attscale></attr><attr><attrlabl Sync="TRUE">NUTS_CODE</attrlabl><attalias Sync="TRUE">NUTS_CODE</attalias><attrtype Sync="TRUE">String</attrtype><attwidth Sync="TRUE">5</attwidth><atprecis Sync="TRUE">0</atprecis><attscale Sync="TRUE">0</attscale></attr><attr><attrlabl Sync="TRUE">LAU_CODE</attrlabl><attalias Sync="TRUE">LAU_CODE</attalias><attrtype Sync="TRUE">String</attrtype><attwidth Sync="TRUE">15</attwidth><atprecis Sync="TRUE">0</atprecis><attscale Sync="TRUE">0</attscale></attr><attr><attrlabl Sync="TRUE">COMMENT</attrlabl><attalias Sync="TRUE">COMMENT</attalias><attrtype Sync="TRUE">String</attrtype><attwidth Sync="TRUE">100</attwidth><atprecis Sync="TRUE">0</atprecis><attscale Sync="TRUE">0</attscale></attr></detailed></eainfo><mdFileID>f96d2fc8-d0a5-4f55-b5f7-2e2fe3cd1fbf</mdFileID><mdLang><languageCode value="eng"/><countryCode value="GBR" Sync="TRUE"/></mdLang><mdChar><CharSetCd value="004"/></mdChar><mdHrLvName Sync="TRUE">dataset</mdHrLvName><mdContact xmlns=""><rpOrgName>European Commission, Eurostat (ESTAT), GISCO</rpOrgName><rpCntInfo><cntAddress addressType=""><eMailAdd>estat-gisco@ec.europa.eu</eMailAdd></cntAddress></rpCntInfo><role><RoleCd value="007"/></role></mdContact><mdDateSt Sync="TRUE">20151028</mdDateSt><mdStanName>ArcGIS Metadata</mdStanName><mdStanVer>1.0</mdStanVer><distInfo><distFormat><formatName Sync="TRUE">dBASE Table</formatName></distFormat><distTranOps><transSize Sync="TRUE">0.000</transSize></distTranOps></distInfo><dataIdInfo><idCitation><resTitle Sync="TRUE">CENSUS_UNITS_At_2011</resTitle><date><createDate>2015-10-27T00:00:00</createDate><pubDate>2015-10-27T00:00:00</pubDate></date><presForm><PresFormCd value="005"/></presForm></idCitation><idAbs>&lt;DIV STYLE="text-align:Left;"&gt;&lt;DIV&gt;&lt;DIV&gt;&lt;P&gt;&lt;SPAN&gt;This data set shows pan European communal boundaries depicting the situation at the Census 2011. Inland waters are merged with assocaited LAUS. The data set is based on the EuroBoundaryMap version 6 and 6.2 from EuroGeographics, census wards from UK National Statistics for Northern Ireland. Additional census units not classed as LAU2 have been added for Bulgaria. Denamrk uses LAU1 geometry. Geographical coverage includes the European Union, Candidiate countries EFTA countries.  &lt;/SPAN&gt;&lt;SPAN&gt;C&lt;/SPAN&gt;&lt;SPAN&gt;overage for Greece is currently unvailable&lt;/SPAN&gt;&lt;SPAN&gt;. the table contains the census code. NSI code for the LAUS where available. NUTS2 code for 2010 as wels as names in national language, Latin characters, ASCII , HTML and the ISO 3166 country codes. And can be joined to the point and polygon data via the cenus_id field&lt;/SPAN&gt;&lt;/P&gt;&lt;/DIV&gt;&lt;/DIV&gt;&lt;/DIV&gt;</idAbs><idPoC><rpOrgName>European Commission, Eurostat (ESTAT), GISCO</rpOrgName><rpCntInfo><cntAddress><eMailAdd>estat-gisco@ec.europa.eu</eMailAdd></cntAddress></rpCntInfo><role><RoleCd value="002"/></role></idPoC><themeKeys><thesaName><resTitle>GEMET - INSPIRE themes, version 1.0</resTitle><date><pubDate>2008-01-06T00:00:00</pubDate></date></thesaName><keyword>Administrative units</keyword></themeKeys><searchKeys><keyword>Administrative units</keyword></searchKeys><resConst><LegConsts><accessConsts><RestrictCd value="008"/></accessConsts><othConsts>(e) intellectual property rights</othConsts></LegConsts></resConst><resConst><Consts><useLimit>Conditions unknown</useLimit></Consts></resConst><spatRpType><SpatRepTypCd value="003" Sync="TRUE"></SpatRepTypCd></spatRpType><dataScale><equScale><rfDenom>100</rfDenom></equScale><scaleDist><value uom="Km"/></scaleDist></dataScale><dataLang><languageCode value="eng"/><countryCode value="GBR" Sync="TRUE"/></dataLang><dataChar><CharSetCd value="004"/></dataChar><envirDesc Sync="TRUE">Microsoft Windows 7 Version 6.1 (Build 7601) Service Pack 1; Esri ArcGIS 10.1.1.3143</envirDesc><dataExt><geoEle><GeoBndBox><exTypeCode>true</exTypeCode><westBL>-63.153645</westBL><eastBL>55.836677</eastBL><southBL>-21.389855</southBL><northBL>71.185417</northBL></GeoBndBox></geoEle><tempEle><TempExtent><exTemp><TM_Period gmlID="ID0EQFAC"><tmEnd date="unknown"/></TM_Period></exTemp></TempExtent></tempEle></dataExt><tpCat><TopicCatCd value="003"/></tpCat></dataIdInfo><dqInfo><dataLineage><statement>Data was derived from EBM 6.0 and EBM 6.2 for specific countries - LAU2 with the exception of Denmark and additional small census units in Bulgarua. Census codes for Northern Ireland do not match LAU codes and were matched via a lookup provided by teh UK Office for National Statistics. Geometry is not available for Greece at LAU2 level, therefore is not included in this dataset. Census code is derived from a concatenation of NUTS3 and LAU codes. For Scotland - there are 7 single-memeber wards (LAU2) are split into 2 units with identical names but different Census codes - which covers 14 census units. The geometry for the census units in these areas is not available and it is suggested the user sums any statistics for these areas. These Units in include: Arrochar, Luss, Arden and Ardenconnel = S31000422 + S31001141 Dornoch Firth = S31001035 + S31001051 Beauly and Strathglass = S31001034 + S31001052 Finderne = S31001086 + S31001098 Heldon and Laich = S31001088 + S31001100 Rural Keith and Rothes = S31001089 + S31001112 Largs West and Cumbrae = S31000576 + S31001114 In several area LAU2 units have been merged to create Census Units - notably in Ireland IE011_28007_28011 28007 28011 IE011_28017_28016 28017 28016 IE011_28027_28028 28027 28028 IE011_28029_28032 28029 28032 IE011_28041_28034 28041 28034 IE011_31031_31027 31031 31027 IE011_31067_31069 31067 31069 IE011_31078_31071 31078 31071 IE011_32025_32028 32025 32028 IE011_32027_32018 32027 32018 IE011_32084_32082 32084 32082 IE011_32086_32087 32086 32087 IE012_08045_08046 08045 08046 IE012_09024_09035 09024 09035 IE012_12043_12034 12043 12034 IE012_13054_13085 13054 13085 IE013_27027_27028 27027 27028 IE013_27129_27126 27129 27126 IE013_29058_29065 29058 29065 IE013_29150_29130 29150 29130 IE013_30046_30048 30046 30048 IE013_30047_30025 30047 30025 IE023_16014_16008 16014 16008 IE023_16020_16017 16020 16017 IE023_16128_16123 16128 16123 IE023_16132_16133 16132 16133 IE023_22037_22045 22037 22045 IE024_23137_23136 23137 23136 IE024_24002_24006 24002 24006 IE025_18033_18046 18033 18046 IE025_19009_19020 19009 19020 IE025_19014_19011 19014 19011</statement></dataLineage></dqInfo><spatRepInfo><VectSpatRep><topLvl><TopoLevCd value="001"/></topLvl><geometObjs><geoObjTyp><GeoObjTypCd value="002"/></geoObjTyp><geoObjCnt>115136</geoObjCnt></geometObjs></VectSpatRep></spatRepInfo><refSysInfo><RefSystem><refSysID><idCodeSpace>EPSG</idCodeSpace><idVersion>7.11.2</idVersion></refSysID></RefSystem></refSysInfo><mdHrLv><ScopeCd value="007" Sync="TRUE"/></mdHrLv></metadata>
