<metadata xml:lang="en"><Esri><CreaDate>20151027</CreaDate><CreaTime>10474300</CreaTime><ArcGISFormat>1.0</ArcGISFormat><ArcGISstyle>GISCO Metadata Editor 2012</ArcGISstyle><SyncOnce>FALSE</SyncOnce><DataProperties><lineage><Process ToolSource="C:\Program Files (x86)\ArcGIS\Desktop10.0\ArcToolbox\Toolboxes\Data Management Tools.tbx\CalculateField" Date="20150929" Time="082226" Name="" export="">CalculateField Join_Output CNTR_ID_1 "LI" VB #</Process><Process ToolSource="C:\Program Files (x86)\ArcGIS\Desktop10.0\ArcToolbox\Toolboxes\Data Management Tools.tbx\CalculateField" Date="20150929" Time="082251" Name="" export="">CalculateField Join_Output NUTS3_ID "LI000" VB #</Process><Process ToolSource="C:\Program Files (x86)\ArcGIS\Desktop10.0\ArcToolbox\Toolboxes\Data Management Tools.tbx\CalculateField" Date="20150929" Time="082421" Name="" export="">CalculateField Join_Output LAU_CODE [SHN] VB #</Process><Process ToolSource="C:\Program Files (x86)\ArcGIS\Desktop10.0\ArcToolbox\Toolboxes\Data Management Tools.tbx\CalculateField" Date="20150929" Time="082514" Name="" export="">CalculateField Join_Output LAU_LABEL [NAMN] VB #</Process><Process ToolSource="C:\Program Files (x86)\ArcGIS\Desktop10.0\ArcToolbox\Toolboxes\Data Management Tools.tbx\CalculateField" Date="20150929" Time="082720" Name="" export="">CalculateField Join_Output UNI_ID_1 "[ICC] &amp; [LAU_CODE]" VB #</Process><Process ToolSource="C:\Program Files (x86)\ArcGIS\Desktop10.0\ArcToolbox\Toolboxes\Data Management Tools.tbx\CalculateField" Date="20150929" Time="082916" Name="" export="">CalculateField Join_Output CENS_GEO "LI000_LI0000" VB #</Process><Process ToolSource="C:\Program Files (x86)\ArcGIS\Desktop10.0\ArcToolbox\Toolboxes\Data Management Tools.tbx\CalculateField" Date="20150929" Time="084600" Name="" export="">CalculateField Join_Output CNTR_ID [CNTR_ID_1] VB #</Process><Process ToolSource="C:\Program Files (x86)\ArcGIS\Desktop10.0\ArcToolbox\Toolboxes\Data Management Tools.tbx\CalculateField" Date="20150929" Time="084811" Name="" export="">CalculateField Join_Output UNI_ID [UNI_ID_1] VB #</Process><Process ToolSource="C:\Program Files (x86)\ArcGIS\Desktop10.0\ArcToolbox\Toolboxes\Data Management Tools.tbx\CalculateField" Date="20150929" Time="084922" Name="" export="">CalculateField Join_Output CENSUS_ID [CENS_GEO] VB #</Process><Process ToolSource="C:\Program Files (x86)\ArcGIS\Desktop10.0\ArcToolbox\Toolboxes\Data Management Tools.tbx\CalculateField" Date="20150930" Time="123125" Name="" export="">CalculateField New_census_geo_codes CENS_GEO NULL VB #</Process><Process ToolSource="C:\Program Files (x86)\ArcGIS\Desktop10.0\ArcToolbox\Toolboxes\Data Management Tools.tbx\CalculateField" Date="20150930" Time="123312" Name="" export="">CalculateField New_census_geo_codes CENSUS_ID NULL VB #</Process><Process ToolSource="C:\Program Files (x86)\ArcGIS\Desktop10.0\ArcToolbox\Toolboxes\Data Management Tools.tbx\CalculateField" Date="20150930" Time="150929" Name="" export="">CalculateField New_census_geo_codes Comment NULL VB #</Process><Process ToolSource="C:\Program Files (x86)\ArcGIS\Desktop10.0\ArcToolbox\Toolboxes\Data Management Tools.tbx\CalculateField" Date="20150930" Time="172404" Name="" export="">CalculateField New_census_geo_codes CENS_GEO [CENSUS_ID] VB #</Process><Process ToolSource="C:\Program Files (x86)\ArcGIS\Desktop10.0\ArcToolbox\Toolboxes\Data Management Tools.tbx\Dissolve" Date="20150930" Time="184849" Name="" export="">Dissolve Census_geocodes_2011_incl_inland_water J:\develop\JIRA-2015\GISCO-663_LAUcodes\FINAL\CENSUS_2011.gdb\CENSUS_LAU_RG_2011 CENSUS_ID # MULTI_PART DISSOLVE_LINES</Process><Process ToolSource="C:\Program Files (x86)\ArcGIS\Desktop10.0\ArcToolbox\Toolboxes\Data Management Tools.tbx\CalculateField" Date="20151007" Time="100719" Name="" export="">CalculateField CENSUS_LAU_RG_2011 tmp2 [CENSUS_ID] VB #</Process><Process ToolSource="C:\Program Files (x86)\ArcGIS\Desktop10.0\ArcToolbox\Toolboxes\Data Management Tools.tbx\CalculateField" Date="20151007" Time="101059" Name="" export="">CalculateField CENSUS_LAU_RG_2011 tmp Right( [CENSUS_ID],4  ) VB #</Process><Process ToolSource="C:\Program Files (x86)\ArcGIS\Desktop10.0\ArcToolbox\Toolboxes\Data Management Tools.tbx\CalculateField" Date="20151007" Time="101249" Name="" export="">CalculateField CENSUS_LAU_RG_2011 CENSUS_ID "Left( [CENSUS_ID],6 ) &amp; Right( [CENSUS_ID], 3  )" VB #</Process><Process ToolSource="C:\Program Files (x86)\ArcGIS\Desktop10.0\ArcToolbox\Toolboxes\Data Management Tools.tbx\CalculateField" Date="20151007" Time="122934" Name="" export="">CalculateField CENSUS_LAU_RG_2011 tmp Mid( [CENSUS_ID],7, (Len( [CENSUS_ID]) - 6 )  ) VB #</Process><Process ToolSource="C:\Program Files (x86)\ArcGIS\Desktop10.0\ArcToolbox\Toolboxes\Data Management Tools.tbx\CalculateField" Date="20151007" Time="133723" Name="" export="">CalculateField CENSUS_LAU_RG_2011 tmp2 [CENSUS_ID] VB #</Process><Process ToolSource="C:\Program Files (x86)\ArcGIS\Desktop10.0\ArcToolbox\Toolboxes\Conversion Tools.tbx\FeatureClassToFeatureClass" Date="20151008" Time="105544" Name="" export="">FeatureClassToFeatureClass J:\develop\JIRA-2015\GISCO-663_LAUcodes\FINAL\CENSUS_2011.gdb\CENSUS_LAU_RG_2011 J:\develop\JIRA-2015\GISCO-663_LAUcodes\FINAL\TEMP.gdb CENSUS_LAU_RG_2011 # "CENSUS_ID "CENSUS_ID" true true false 50 Text 0 0 ,First,#,J:\develop\JIRA-2015\GISCO-663_LAUcodes\FINAL\CENSUS_2011.gdb\CENSUS_LAU_RG_2011,CENSUS_ID,-1,-1;Shape_Length "Shape_Length" false true true 8 Double 0 0 ,First,#,J:\develop\JIRA-2015\GISCO-663_LAUcodes\FINAL\CENSUS_2011.gdb\CENSUS_LAU_RG_2011,Shape_Length,-1,-1;Shape_Area "Shape_Area" false true true 8 Double 0 0 ,First,#,J:\develop\JIRA-2015\GISCO-663_LAUcodes\FINAL\CENSUS_2011.gdb\CENSUS_LAU_RG_2011,Shape_Area,-1,-1;tmp2 "tmp2" true true false 50 Text 0 0 ,First,#,J:\develop\JIRA-2015\GISCO-663_LAUcodes\FINAL\CENSUS_2011.gdb\CENSUS_LAU_RG_2011,tmp2,-1,-1;tmp "tmp" true true false 50 Text 0 0 ,First,#,J:\develop\JIRA-2015\GISCO-663_LAUcodes\FINAL\CENSUS_2011.gdb\CENSUS_LAU_RG_2011,tmp,-1,-1" #</Process><Process ToolSource="C:\Program Files (x86)\ArcGIS\Desktop10.0\ArcToolbox\Toolboxes\Data Management Tools.tbx\CalculateField" Date="20151013" Time="150550" Name="" export="">CalculateField CENSUS_LAU_RG_2011_temp CENSUS_ID Left( [CENSUS_ID], 8 ) VB #</Process><Process ToolSource="C:\Program Files (x86)\ArcGIS\Desktop10.0\ArcToolbox\Toolboxes\Data Management Tools.tbx\CalculateField" Date="20151014" Time="105832" Name="" export="">CalculateField CENSUS_LAU_RG_2011_1310_16h30 len Len( [CENSUS_ID] ) VB #</Process><Process ToolSource="C:\Program Files (x86)\ArcGIS\Desktop10.0\ArcToolbox\Toolboxes\Data Management Tools.tbx\CalculateField" Date="20151014" Time="114555" Name="" export="">CalculateField CENSUS_LAU_RG_2011_1310_16h30 temp "Left( [tmp2] , 7 ) &amp; "7" &amp; Mid( [tmp2] , 9, 3 )" VB #</Process><Process ToolSource="C:\Program Files (x86)\ArcGIS\Desktop10.0\ArcToolbox\Toolboxes\Data Management Tools.tbx\CalculateField" Date="20151014" Time="114809" Name="" export="">CalculateField CENSUS_LAU_RG_2011_1310_16h30 CENSUS_ID "Left( [tmp2] , 7 ) &amp; "7" &amp; Mid( [tmp2] , 9, 3 )" VB #</Process><Process ToolSource="C:\Program Files (x86)\ArcGIS\Desktop10.0\ArcToolbox\Toolboxes\Data Management Tools.tbx\CalculateField" Date="20151014" Time="133832" Name="" export="">CalculateField CENSUS_LAU_RG_2011_1310_16h30 CENSUS_ID "Left( [CENSUS_ID], 7 ) &amp; "7" &amp; Mid( [CENSUS_ID], 9, 3 )" VB #</Process><Process ToolSource="C:\Program Files (x86)\ArcGIS\Desktop10.0\ArcToolbox\Toolboxes\Data Management Tools.tbx\CalculateField" Date="20151014" Time="134305" Name="" export="">CalculateField CENSUS_LAU_RG_2011_1310_16h30 CENSUS_ID "Left( [CENSUS_ID], 7 ) &amp; "7" &amp; Mid( [CENSUS_ID], 9, 3 )" VB #</Process><Process ToolSource="C:\Program Files (x86)\ArcGIS\Desktop10.0\ArcToolbox\Toolboxes\Data Management Tools.tbx\CalculateField" Date="20151014" Time="134803" Name="" export="">CalculateField CENSUS_LAU_RG_2011_1310_16h30 CENSUS_ID "Left( [CENSUS_ID], 7 ) &amp; "7" &amp; Mid( [CENSUS_ID], 9, 3 )" VB #</Process><Process ToolSource="C:\Program Files (x86)\ArcGIS\Desktop10.0\ArcToolbox\Toolboxes\Data Management Tools.tbx\Merge" Date="20151014" Time="171139" Name="" export="">Merge CENSUS_LAU_RG_2011_1410_14h;Croatia_census_codes J:\develop\JIRA-2015\GISCO-663_LAUcodes\Testing\Croatia\Croatia.gdb\HR_and_rest "CENSUS_ID "CENSUS_ID" true true false 50 Text 0 0 ,First,#,CENSUS_LAU_RG_2011_1410_14h,CENSUS_ID,-1,-1;tmp2 "tmp2" true true false 50 Text 0 0 ,First,#,CENSUS_LAU_RG_2011_1410_14h,tmp2,-1,-1;tmp "tmp" true true false 50 Text 0 0 ,First,#,CENSUS_LAU_RG_2011_1410_14h,tmp,-1,-1;Shape_Length "Shape_Length" false true true 8 Double 0 0 ,First,#,CENSUS_LAU_RG_2011_1410_14h,Shape_Length,-1,-1;Shape_Area "Shape_Area" false true true 8 Double 0 0 ,First,#,CENSUS_LAU_RG_2011_1410_14h,Shape_Area,-1,-1;OBJECTID "OBJECTID" true true false 4 Long 0 0 ,First,#,Croatia_census_codes,Croatia_census_codes.OBJECTID,-1,-1;ICC "ICC" true true false 2 Text 0 0 ,First,#,Croatia_census_codes,Croatia_census_codes.ICC,-1,-1;TAA "TAA" true true false 2 Short 0 0 ,First,#,Croatia_census_codes,Croatia_census_codes.TAA,-1,-1;LAU_CODE "LAU_CODE" true true false 14 Text 0 0 ,First,#,Croatia_census_codes,Croatia_census_codes.LAU_CODE,-1,-1;LAU_LABEL "LAU_LABEL" true true false 50 Text 0 0 ,First,#,Croatia_census_codes,Croatia_census_codes.LAU_LABEL,-1,-1;CNTR_ID "CNTR_ID" true true false 2 Text 0 0 ,First,#,Croatia_census_codes,Croatia_census_codes.CNTR_ID,-1,-1;CENS_GEO "CENS_GEO" true true false 20 Text 0 0 ,First,#,Croatia_census_codes,Croatia_census_codes.CENS_GEO,-1,-1;NUTS3_ID "NUTS3_ID" true true false 5 Text 0 0 ,First,#,Croatia_census_codes,Croatia_census_codes.NUTS3_ID,-1,-1;Shape_Length_1 "Shape_Length" false true true 8 Double 0 0 ,First,#,Croatia_census_codes,Croatia_census_codes.Shape_Length,-1,-1;Shape_Area_1 "Shape_Area" false true true 8 Double 0 0 ,First,#,Croatia_census_codes,Croatia_census_codes.Shape_Area,-1,-1"</Process><Process ToolSource="C:\Program Files (x86)\ArcGIS\Desktop10.0\ArcToolbox\Toolboxes\Data Management Tools.tbx\CalculateField" Date="20151014" Time="171520" Name="" export="">CalculateField HR_and_rest CENSUS_ID [CENS_GEO] VB #</Process><Process ToolSource="C:\Program Files (x86)\ArcGIS\Desktop10.0\ArcToolbox\Toolboxes\Data Management Tools.tbx\CalculateField" Date="20151014" Time="171708" Name="" export="">CalculateField HR_and_rest tmp2 Right( [CENSUS_ID], 5 ) VB #</Process><Process ToolSource="C:\Program Files (x86)\ArcGIS\Desktop10.0\ArcToolbox\Toolboxes\Data Management Tools.tbx\CalculateField" Date="20151014" Time="171738" Name="" export="">CalculateField HR_and_rest tmp2 [CENSUS_ID] VB #</Process><Process ToolSource="C:\Program Files (x86)\ArcGIS\Desktop10.0\ArcToolbox\Toolboxes\Data Management Tools.tbx\CalculateField" Date="20151014" Time="171754" Name="" export="">CalculateField HR_and_rest tmp Right( [CENSUS_ID], 5 ) VB #</Process><Process ToolSource="C:\Program Files (x86)\ArcGIS\Desktop10.0\ArcToolbox\Toolboxes\Analysis Tools.tbx\Union" Date="20151015" Time="165853" Name="" export="">Union "CENSUS_LAU_RG_2011_1410_17h30 #;BG_additional #" "H:\My Documents\ArcGIS\Default.gdb\CENSUS_LAU_RG_2011_UNION" ALL # GAPS</Process><Process ToolSource="C:\Program Files (x86)\ArcGIS\Desktop10.0\ArcToolbox\Toolboxes\Data Management Tools.tbx\Append" Date="20151015" Time="170622" Name="" export="">Append BG_additional CENSUS_LAU_RG_2011_UNION NO_TEST "FID_CENSUS_LAU_RG_2011_1410_17h30 "FID_CENSUS_LAU_RG_2011_1410_17h30" true true false 4 Long 0 0 ,First,#;CENSUS_ID "CENSUS_ID" true true false 50 Text 0 0 ,First,#,J:\develop\JIRA-2015\GISCO-663_LAUcodes\test.gdb\BG_additional,CENSUS_ID,-1,-1;tmp2 "tmp2" true true false 50 Text 0 0 ,First,#,J:\develop\JIRA-2015\GISCO-663_LAUcodes\test.gdb\BG_additional,tmp2,-1,-1;tmp "tmp" true true false 50 Text 0 0 ,First,#,J:\develop\JIRA-2015\GISCO-663_LAUcodes\test.gdb\BG_additional,tmp,-1,-1;FID_BG_additional "FID_BG_additional" true true false 4 Long 0 0 ,First,#;CENSUS_ID_1 "CENSUS_ID" true true false 50 Text 0 0 ,First,#;tmp2_1 "tmp2" true true false 50 Text 0 0 ,First,#;tmp_1 "tmp" true true false 50 Text 0 0 ,First,#;Shape_Length "Shape_Length" false true true 8 Double 0 0 ,First,#,J:\develop\JIRA-2015\GISCO-663_LAUcodes\test.gdb\BG_additional,Shape_Length,-1,-1;Shape_Area "Shape_Area" false true true 8 Double 0 0 ,First,#,J:\develop\JIRA-2015\GISCO-663_LAUcodes\test.gdb\BG_additional,Shape_Area,-1,-1" #</Process><Process ToolSource="C:\Program Files (x86)\ArcGIS\Desktop10.0\ArcToolbox\Toolboxes\Data Management Tools.tbx\Dissolve" Date="20151015" Time="171138" Name="" export="">Dissolve CENSUS_LAU_RG_2011_UNION "H:\My Documents\ArcGIS\Default.gdb\CENSUS_LAU_RG_2011_UNION_Dis" CENSUS_ID # MULTI_PART DISSOLVE_LINES</Process><Process ToolSource="C:\Program Files (x86)\ArcGIS\Desktop10.0\ArcToolbox\Toolboxes\Data Management Tools.tbx\CalculateField" Date="20151016" Time="122235" Name="" export="">CalculateField CENSUS_LAU_RG_2011_UNION_Dis tmp_UK [CENSUS_ID] VB #</Process><Process ToolSource="C:\Program Files (x86)\ArcGIS\Desktop10.0\ArcToolbox\Toolboxes\Data Management Tools.tbx\CalculateField" Date="20151016" Time="122413" Name="" export="">CalculateField CENSUS_LAU_RG_2011_UNION_Dis tmp_UK [CENSUS_ID] VB #</Process><Process ToolSource="c:\program files (x86)\arcgis\desktop10.1\ArcToolbox\Toolboxes\Data Management Tools.tbx\PolygonToLine" Date="20151016" Time="164910" Name="" export="">PolygonToLine CENSUS_LAU_RG_2011 J:\develop\JIRA-2015\GISCO-663_LAUcodes\generalisation\CENUS_ETRS89.gdb\CENUS\CENUS_RG_PolygonToLine IDENTIFY_NEIGHBORS</Process><Process ToolSource="F:\apps\ArcGIS\Desktop10.0\ArcToolbox\Toolboxes\Cartography Tools.tbx\SimplifyLine" Date="20151016" Time="210256" Name="" export="">SimplifyLine J:\develop\JIRA-2015\GISCO-663_LAUcodes\generalisation\CENUS_ETRS89.gdb\CENUS\CENUS_RG_PolygonToLine J:\develop\JIRA-2015\GISCO-663_LAUcodes\generalisation\CENUS_ETRS89.gdb\CENUS\CENUS_RG_PolygonToLine_Simpl BEND_SIMPLIFY "500 Meters" FLAG_ERRORS KEEP_COLLAPSED_POINTS CHECK</Process><Process ToolSource="F:\apps\ArcGIS\Desktop10.0\ArcToolbox\Toolboxes\Cartography Tools.tbx\SimplifyLine" Date="20151017" Time="005434" Name="" export="">SimplifyLine J:\develop\JIRA-2015\GISCO-663_LAUcodes\generalisation\CENUS_ETRS89.gdb\CENUS\CENUS_RG_PolygonToLine_Simpl J:\develop\JIRA-2015\GISCO-663_LAUcodes\generalisation\CENUS_ETRS89.gdb\CENUS\CENUS_RG_PolygonToLine_Simpl1 POINT_REMOVE "150 Meters" FLAG_ERRORS KEEP_COLLAPSED_POINTS CHECK</Process><Process ToolSource="F:\apps\ArcGIS\Desktop10.0\ArcToolbox\Toolboxes\Cartography Tools.tbx\SimplifyLine" Date="20151017" Time="153138" Name="" export="">SimplifyLine J:\develop\JIRA-2015\GISCO-663_LAUcodes\generalisation\CENUS_ETRS89.gdb\CENUS\CENUS_RG_PolygonToLine_Simpl1 J:\develop\JIRA-2015\GISCO-663_LAUcodes\generalisation\CENUS_ETRS89.gdb\CENUS\CENUS_RG_PolygonToLine_final1 BEND_SIMPLIFY "1500 Meters" RESOLVE_ERRORS KEEP_COLLAPSED_POINTS CHECK</Process><Process ToolSource="c:\program files (x86)\arcgis\desktop10.1\ArcToolbox\Toolboxes\Data Management Tools.tbx\FeatureToPolygon" Date="20151020" Time="101848" Name="" export="">FeatureToPolygon CENUS_RG_PolygonToLine_final1 J:\develop\JIRA-2015\GISCO-663_LAUcodes\generalisation\CENUS_ETRS89.gdb\CENUS\CENUS_RG_sing # ATTRIBUTES #</Process><Process ToolSource="c:\program files (x86)\arcgis\desktop10.1\ArcToolbox\Toolboxes\Analysis Tools.tbx\Union" Date="20151022" Time="145901" Name="" export="">Union "CENUS_RG_sing #;Missing_POLYS #" J:\develop\JIRA-2015\GISCO-663_LAUcodes\generalisation\CENUS_ETRS89.gdb\CENUS\CENUS_RG_Union_last ALL # NO_GAPS</Process><Process ToolSource="c:\program files (x86)\arcgis\desktop10.1\ArcToolbox\Toolboxes\Analysis Tools.tbx\SpatialJoin" Date="20151022" Time="150206" Name="" export="">SpatialJoin CENUS_RG_Union_last CENUS_RG_100K_sing_pt J:\develop\JIRA-2015\GISCO-663_LAUcodes\generalisation\CENUS_ETRS89.gdb\CENUS\CENUS_RG_01M_JOIN_22_10 JOIN_ONE_TO_ONE KEEP_ALL "FID_CENUS_RG_sing "FID_CENUS_RG_sing" true true false 4 Long 0 0 ,First,#,J:\develop\JIRA-2015\GISCO-663_LAUcodes\generalisation\CENUS_ETRS89.gdb\CENUS\CENUS_RG_Union_last,FID_CENUS_RG_sing,-1,-1;FID_Missing_POLYS "FID_Missing_POLYS" true true false 4 Long 0 0 ,First,#,J:\develop\JIRA-2015\GISCO-663_LAUcodes\generalisation\CENUS_ETRS89.gdb\CENUS\CENUS_RG_Union_last,FID_Missing_POLYS,-1,-1;Shape_Length "Shape_Length" false true true 8 Double 0 0 ,First,#,J:\develop\JIRA-2015\GISCO-663_LAUcodes\generalisation\CENUS_ETRS89.gdb\CENUS\CENUS_RG_Union_last,Shape_Length,-1,-1;Shape_Area "Shape_Area" false true true 8 Double 0 0 ,First,#,J:\develop\JIRA-2015\GISCO-663_LAUcodes\generalisation\CENUS_ETRS89.gdb\CENUS\CENUS_RG_Union_last,Shape_Area,-1,-1;CENSUS_ID "CENSUS_ID" true true false 50 Text 0 0 ,First,#,J:\develop\JIRA-2015\GISCO-663_LAUcodes\generalisation\CENUS_ETRS89.gdb\CENUS\CENUS_RG_100K_sing_pt,CENSUS_ID,-1,-1;Comment "Comment" true true false 50 Text 0 0 ,First,#,J:\develop\JIRA-2015\GISCO-663_LAUcodes\generalisation\CENUS_ETRS89.gdb\CENUS\CENUS_RG_100K_sing_pt,Comment,-1,-1;tmp_UK "tmp_UK" true true false 50 Text 0 0 ,First,#,J:\develop\JIRA-2015\GISCO-663_LAUcodes\generalisation\CENUS_ETRS89.gdb\CENUS\CENUS_RG_100K_sing_pt,tmp_UK,-1,-1;ORIG_FID "ORIG_FID" true true false 4 Long 0 0 ,First,#,J:\develop\JIRA-2015\GISCO-663_LAUcodes\generalisation\CENUS_ETRS89.gdb\CENUS\CENUS_RG_100K_sing_pt,ORIG_FID,-1,-1;NUMB "NUMB" true true false 2 Short 0 0 ,First,#,J:\develop\JIRA-2015\GISCO-663_LAUcodes\generalisation\CENUS_ETRS89.gdb\CENUS\CENUS_RG_100K_sing_pt,NUMB,-1,-1" INTERSECT # #</Process><Process ToolSource="c:\program files (x86)\arcgis\desktop10.1\ArcToolbox\Toolboxes\Data Management Tools.tbx\Eliminate" Date="20151022" Time="152222" Name="" export="">Eliminate CENUS_RG_01M_JOIN_22_10_Laye J:\develop\JIRA-2015\GISCO-663_LAUcodes\generalisation\CENUS_ETRS89.gdb\CENUS\CENUS_RG_01M_JOIN_22_10_eliminate AREA # #</Process><Process ToolSource="c:\program files (x86)\arcgis\desktop10.1\ArcToolbox\Toolboxes\Data Management Tools.tbx\Dissolve" Date="20151022" Time="152448" Name="" export="">Dissolve CENUS_RG_01M_JOIN_22_10_eliminate J:\develop\JIRA-2015\GISCO-663_LAUcodes\generalisation\CENUS_ETRS89.gdb\CENUS\CENUS_RG_01M_JOIN_22_10_dissolve CENSUS_ID # MULTI_PART DISSOLVE_LINES</Process><Process ToolSource="c:\program files (x86)\arcgis\desktop10.1\ArcToolbox\Toolboxes\Data Management Tools.tbx\Integrate" Date="20151023" Time="120802" Name="" export="">Integrate "CENUS_RG_DISS_COPY_23_10_2 #" "0.1 Meters"</Process><Process ToolSource="c:\program files (x86)\arcgis\desktop10.1\ArcToolbox\Toolboxes\Data Management Tools.tbx\Integrate" Date="20151023" Time="120844" Name="" export="">Integrate "CENUS_RG_DISS_COPY_23_10_2 #" "1 Meters"</Process><Process ToolSource="c:\program files (x86)\arcgis\desktop10.1\ArcToolbox\Toolboxes\Data Management Tools.tbx\Integrate" Date="20151023" Time="120915" Name="" export="">Integrate "CENUS_RG_DISS_COPY_23_10_2 #" "10 Meters"</Process><Process ToolSource="c:\program files (x86)\arcgis\desktop10.1\ArcToolbox\Toolboxes\Data Management Tools.tbx\Integrate" Date="20151023" Time="120944" Name="" export="">Integrate "CENUS_RG_DISS_COPY_23_10_2 #" "50 Meters"</Process><Process ToolSource="c:\program files (x86)\arcgis\desktop10.1\ArcToolbox\Toolboxes\Data Management Tools.tbx\Integrate" Date="20151023" Time="121008" Name="" export="">Integrate "CENUS_RG_DISS_COPY_23_10_2 #" "50 Meters"</Process><Process ToolSource="c:\program files (x86)\arcgis\desktop10.1\ArcToolbox\Toolboxes\Data Management Tools.tbx\Integrate" Date="20151023" Time="121030" Name="" export="">Integrate "CENUS_RG_DISS_COPY_23_10_2 #" "50 Meters"</Process><Process ToolSource="c:\program files (x86)\arcgis\desktop10.1\ArcToolbox\Toolboxes\Data Management Tools.tbx\Integrate" Date="20151023" Time="121217" Name="" export="">Integrate "CENUS_RG_DISS_COPY_23_10_2 #" "100 Meters"</Process><Process ToolSource="c:\program files (x86)\arcgis\desktop10.1\ArcToolbox\Toolboxes\Data Management Tools.tbx\Integrate" Date="20151023" Time="121246" Name="" export="">Integrate "CENUS_RG_DISS_COPY_23_10_2 #" "100 Meters"</Process><Process ToolSource="c:\program files (x86)\arcgis\desktop10.1\ArcToolbox\Toolboxes\Data Management Tools.tbx\Integrate" Date="20151023" Time="121258" Name="" export="">Integrate "CENUS_RG_DISS_COPY_23_10_2 #" "100 Meters"</Process><Process ToolSource="c:\program files (x86)\arcgis\desktop10.1\ArcToolbox\Toolboxes\Data Management Tools.tbx\Integrate" Date="20151023" Time="121323" Name="" export="">Integrate "CENUS_RG_DISS_COPY_23_10_2 #" "100 Meters"</Process><Process ToolSource="c:\program files (x86)\arcgis\desktop10.1\ArcToolbox\Toolboxes\Data Management Tools.tbx\Integrate" Date="20151023" Time="121339" Name="" export="">Integrate "CENUS_RG_DISS_COPY_23_10_2 #" "100 Meters"</Process><Process ToolSource="c:\program files (x86)\arcgis\desktop10.1\ArcToolbox\Toolboxes\Data Management Tools.tbx\Integrate" Date="20151023" Time="121351" Name="" export="">Integrate "CENUS_RG_DISS_COPY_23_10_2 #" "100 Meters"</Process><Process ToolSource="c:\program files (x86)\arcgis\desktop10.1\ArcToolbox\Toolboxes\Data Management Tools.tbx\Integrate" Date="20151023" Time="121424" Name="" export="">Integrate "CENUS_RG_DISS_COPY_23_10_2 #" "100 Meters"</Process><Process ToolSource="c:\program files (x86)\arcgis\desktop10.1\ArcToolbox\Toolboxes\Data Management Tools.tbx\Integrate" Date="20151023" Time="121433" Name="" export="">Integrate "CENUS_RG_DISS_COPY_23_10_2 #" "100 Meters"</Process><Process ToolSource="c:\program files (x86)\arcgis\desktop10.1\ArcToolbox\Toolboxes\Data Management Tools.tbx\Integrate" Date="20151023" Time="121445" Name="" export="">Integrate "CENUS_RG_DISS_COPY_23_10_2 #" "100 Meters"</Process><Process ToolSource="c:\program files (x86)\arcgis\desktop10.1\ArcToolbox\Toolboxes\Data Management Tools.tbx\Integrate" Date="20151023" Time="121455" Name="" export="">Integrate "CENUS_RG_DISS_COPY_23_10_2 #" "100 Meters"</Process><Process ToolSource="c:\program files (x86)\arcgis\desktop10.1\ArcToolbox\Toolboxes\Conversion Tools.tbx\FeatureClassToFeatureClass" Date="20151028" Time="151301">FeatureClassToFeatureClass J:\develop\JIRA-2015\GISCO-663_LAUcodes\CENSUS_LAU_2011\CENSUS_2011.gdb\CENSUS_LAU_RG_01M_2011 "J:\develop\JIRA-2015\GISCO-663_LAUcodes\CENSUS_LAU_2011\For publication\CENSUS_LAU_2011_SH\RG" CENSUS_UNIT_RG_01M_2011.shp # "CENSUS_ID "CENSUS_ID" true true false 50 Text 0 0 ,First,#,J:\develop\JIRA-2015\GISCO-663_LAUcodes\CENSUS_LAU_2011\CENSUS_2011.gdb\CENSUS_LAU_RG_01M_2011,CENSUS_ID,-1,-1;Shape_Leng "Shape_Length" false true true 8 Double 0 0 ,First,#,J:\develop\JIRA-2015\GISCO-663_LAUcodes\CENSUS_LAU_2011\CENSUS_2011.gdb\CENSUS_LAU_RG_01M_2011,Shape_Length,-1,-1;Shape_Area "Shape_Area" false true true 8 Double 0 0 ,First,#,J:\develop\JIRA-2015\GISCO-663_LAUcodes\CENSUS_LAU_2011\CENSUS_2011.gdb\CENSUS_LAU_RG_01M_2011,Shape_Area,-1,-1" #</Process></lineage><itemProps><itemLocation><linkage Sync="TRUE">file://\\s-tlar\development\develop\JIRA-2015\GISCO-663_LAUcodes\CENSUS_LAU_2011\For publication\CENSUS_LAU_2011_SH\RG\CENSUS_UNIT_RG_01M_2011.shp</linkage><protocol Sync="TRUE">Local Area Network</protocol></itemLocation><itemName Sync="TRUE">CENSUS_UNIT_RG_01M_2011</itemName><nativeExtBox><westBL Sync="TRUE">-61.809582</westBL><eastBL Sync="TRUE">55.836628</eastBL><southBL Sync="TRUE">-21.387312</southBL><northBL Sync="TRUE">71.184853</northBL><exTypeCode Sync="TRUE">1</exTypeCode></nativeExtBox><imsContentType Sync="TRUE">002</imsContentType><itemSize Sync="TRUE">0.000</itemSize></itemProps><coordRef><type Sync="TRUE">Geographic</type><geogcsn Sync="TRUE">GCS_ETRS_1989</geogcsn><csUnits Sync="TRUE">Angular Unit: Degree (0.017453)</csUnits><peXml Sync="TRUE">&lt;GeographicCoordinateSystem xsi:type='typens:GeographicCoordinateSystem' xmlns:xsi='http://www.w3.org/2001/XMLSchema-instance' xmlns:xs='http://www.w3.org/2001/XMLSchema' xmlns:typens='http://www.esri.com/schemas/ArcGIS/10.1'&gt;&lt;WKT&gt;GEOGCS[&amp;quot;GCS_ETRS_1989&amp;quot;,DATUM[&amp;quot;D_ETRS_1989&amp;quot;,SPHEROID[&amp;quot;GRS_1980&amp;quot;,6378137.0,298.257222101]],PRIMEM[&amp;quot;Greenwich&amp;quot;,0.0],UNIT[&amp;quot;Degree&amp;quot;,0.0174532925199433],AUTHORITY[&amp;quot;EPSG&amp;quot;,4258]]&lt;/WKT&gt;&lt;XOrigin&gt;-400&lt;/XOrigin&gt;&lt;YOrigin&gt;-400&lt;/YOrigin&gt;&lt;XYScale&gt;11258999068426.238&lt;/XYScale&gt;&lt;ZOrigin&gt;-100000&lt;/ZOrigin&gt;&lt;ZScale&gt;10000&lt;/ZScale&gt;&lt;MOrigin&gt;-100000&lt;/MOrigin&gt;&lt;MScale&gt;10000&lt;/MScale&gt;&lt;XYTolerance&gt;8.9831528411952133e-009&lt;/XYTolerance&gt;&lt;ZTolerance&gt;0.001&lt;/ZTolerance&gt;&lt;MTolerance&gt;0.001&lt;/MTolerance&gt;&lt;HighPrecision&gt;true&lt;/HighPrecision&gt;&lt;LeftLongitude&gt;-180&lt;/LeftLongitude&gt;&lt;WKID&gt;4258&lt;/WKID&gt;&lt;LatestWKID&gt;4258&lt;/LatestWKID&gt;&lt;/GeographicCoordinateSystem&gt;</peXml></coordRef></DataProperties><SyncDate>20151028</SyncDate><SyncTime>15123000</SyncTime><ModDate>20151028</ModDate><ModTime>15123000</ModTime><scaleRange><minScale>50000</minScale><maxScale>5000</maxScale></scaleRange><ArcGISProfile>INSPIRE</ArcGISProfile></Esri><eainfo><detailed Name="CENSUS_UNIT_RG_01M_2011" xmlns=""><enttyp><enttypl Sync="FALSE">CENSUS_LAU_AT_2011</enttypl><enttypt Sync="FALSE">Attribute table</enttypt><enttypc Sync="TRUE">0</enttypc></enttyp><attr><attrlabl Sync="TRUE">FID</attrlabl><attalias Sync="TRUE">FID</attalias><attrtype Sync="TRUE">OID</attrtype><attwidth Sync="TRUE">4</attwidth><atprecis Sync="TRUE">0</atprecis><attscale Sync="TRUE">0</attscale><attrdef Sync="TRUE">Internal feature number.</attrdef><attrdefs Sync="TRUE">Esri</attrdefs><attrdomv><udom Sync="TRUE">Sequential unique whole numbers that are automatically generated.</udom></attrdomv></attr><attr xmlns=""><attrlabl Sync="TRUE">Shape</attrlabl><attalias Sync="TRUE">Shape</attalias><attrtype Sync="TRUE">Geometry</attrtype><attwidth Sync="TRUE">0</attwidth><atprecis Sync="TRUE">0</atprecis><attscale Sync="TRUE">0</attscale><attrdef Sync="TRUE">Feature geometry.</attrdef><attrdefs Sync="TRUE">ESRI</attrdefs><attrdomv><udom Sync="TRUE">Coordinates defining the features.</udom></attrdomv></attr><attr xmlns=""><attrlabl Sync="TRUE">CENSUS_ID</attrlabl><attalias Sync="TRUE">CENSUS_ID</attalias><attrtype Sync="TRUE">String</attrtype><attwidth Sync="TRUE">50</attwidth><atprecis Sync="TRUE">0</atprecis><attscale Sync="TRUE">0</attscale></attr><attr><attrlabl Sync="TRUE">Shape_Leng</attrlabl><attalias Sync="TRUE">Shape_Leng</attalias><attrtype Sync="TRUE">Double</attrtype><attwidth Sync="TRUE">19</attwidth><atprecis Sync="TRUE">0</atprecis><attscale Sync="TRUE">0</attscale></attr><attr xmlns=""><attrlabl Sync="TRUE">Shape_Area</attrlabl><attalias Sync="TRUE">Shape_Area</attalias><attrtype Sync="TRUE">Double</attrtype><attwidth Sync="TRUE">19</attwidth><atprecis Sync="TRUE">0</atprecis><attscale Sync="TRUE">0</attscale><attrdef Sync="TRUE">Area of feature in internal units squared.</attrdef><attrdefs Sync="TRUE">Esri</attrdefs><attrdomv><udom Sync="TRUE">Positive real numbers that are automatically generated.</udom></attrdomv></attr></detailed></eainfo><mdFileID>f96d2fc8-d0a5-4f55-b5f7-2e2fe3cd1fbf</mdFileID><mdLang><languageCode value="eng"/><countryCode value="GBR" Sync="TRUE"/></mdLang><mdChar><CharSetCd value="004"/></mdChar><mdHrLvName Sync="TRUE">dataset</mdHrLvName><mdContact xmlns=""><rpOrgName>European Commission, Eurostat (ESTAT), GISCO</rpOrgName><rpCntInfo><cntAddress addressType=""><eMailAdd>estat-gisco@ec.europa.eu</eMailAdd></cntAddress></rpCntInfo><role><RoleCd value="007"/></role></mdContact><mdDateSt Sync="TRUE">20151028</mdDateSt><mdStanName>ArcGIS Metadata</mdStanName><mdStanVer>1.0</mdStanVer><distInfo><distFormat><formatName Sync="TRUE">Shapefile</formatName></distFormat><distTranOps><transSize Sync="TRUE">0.000</transSize></distTranOps></distInfo><dataIdInfo><idCitation><resTitle Sync="TRUE">CENSUS_UNIT_RG_01M_2011</resTitle><date><createDate>20151027</createDate><pubDate>20151027</pubDate></date><presForm><PresFormCd value="005"/></presForm></idCitation><idAbs>&lt;DIV STYLE="text-align:Left;"&gt;&lt;DIV&gt;&lt;DIV&gt;&lt;P&gt;&lt;SPAN&gt;This data set shows pan European communal boundaries depicting the situation at the Census 2011. Inland waters are merged with assocaited LAUS. The data set is based on the EuroBoundaryMap version 6 and 6.2 from EuroGeographics, census wards from UK National Statistics for Northern Ireland. Additional census units not classed as LAU2 have been added for Bulgaria. Denamrk uses LAU1 geometry. Geographical coverage includes the European Union, Candidiate countries EFTA countries. Geographical coverage for Greece is currently unvailable&lt;/SPAN&gt;&lt;SPAN&gt;. The data has been generalised to 01M scale for cartographic purposes and therefore may not ne a completely accuarate represntation of the areas and geometry&lt;/SPAN&gt;&lt;/P&gt;&lt;/DIV&gt;&lt;/DIV&gt;&lt;/DIV&gt;</idAbs><idPoC><rpOrgName>European Commission, Eurostat (ESTAT), GISCO</rpOrgName><rpCntInfo><cntAddress><eMailAdd>estat-gisco@ec.europa.eu</eMailAdd></cntAddress></rpCntInfo><role><RoleCd value="002"/></role></idPoC><themeKeys xmlns=""><thesaName xmlns=""><resTitle>GEMET - INSPIRE themes, version 1.0</resTitle><date><pubDate>2008-01-06T00:00:00</pubDate></date></thesaName><keyword>Administrative units</keyword></themeKeys><searchKeys><keyword>Administrative units</keyword></searchKeys><resConst><LegConsts><accessConsts><RestrictCd value="008"/></accessConsts><othConsts>(e) intellectual property rights</othConsts></LegConsts></resConst><resConst><Consts><useLimit>Conditions unknown</useLimit></Consts></resConst><spatRpType><SpatRepTypCd value="001"/></spatRpType><dataScale xmlns=""><equScale><rfDenom>100</rfDenom></equScale><scaleDist><value uom="Km"/></scaleDist></dataScale><dataLang><languageCode value="eng"/><countryCode value="GBR" Sync="TRUE"/></dataLang><dataChar><CharSetCd value="004"/></dataChar><envirDesc Sync="TRUE">Microsoft Windows 7 Version 6.1 (Build 7601) Service Pack 1; Esri ArcGIS 10.1.1.3143</envirDesc><dataExt xmlns=""><geoEle xmlns=""><GeoBndBox><exTypeCode>true</exTypeCode><westBL>-63.153645</westBL><eastBL>55.836677</eastBL><southBL>-21.389855</southBL><northBL>71.185417</northBL></GeoBndBox></geoEle><tempEle><TempExtent><exTemp><TM_Period gmlID="ID0EQFAC" xmlns=""><tmEnd date="unknown"/></TM_Period></exTemp></TempExtent></tempEle></dataExt><dataExt xmlns=""><geoEle xmlns=""><GeoBndBox esriExtentType="search"><exTypeCode Sync="TRUE">1</exTypeCode><westBL Sync="TRUE">-61.809582</westBL><eastBL Sync="TRUE">55.836628</eastBL><northBL Sync="TRUE">71.184853</northBL><southBL Sync="TRUE">-21.387312</southBL></GeoBndBox></geoEle></dataExt><tpCat><TopicCatCd value="003"/></tpCat></dataIdInfo><dqInfo><dataLineage><statement>Data was derived from EBM 6.0 and EBM 6.2 for specific countries - LAU2 with the exception of Denmark and additional small census units in Bulgarua. Census codes for Northern Ireland do not match LAU codes and were matched via a lookup provided by teh UK Office for National Statistics. Geometry is not available for Greece at LAU2 level, therefore is not included in this dataset. Census code is derived from a concatenation of NUTS3 and LAU codes. For Scotland - there are 7 single-memeber wards (LAU2) are split into 2 units with identical names but different Census codes - which covers 14 census units. The geometry for the census units in these areas is not available and it is suggested the user sums any statistics for these areas. These Units in include: Arrochar, Luss, Arden and Ardenconnel = S31000422 + S31001141 Dornoch Firth = S31001035 + S31001051 Beauly and Strathglass = S31001034 + S31001052 Finderne = S31001086 + S31001098 Heldon and Laich = S31001088 + S31001100 Rural Keith and Rothes = S31001089 + S31001112 Largs West and Cumbrae = S31000576 + S31001114 


In several area LAU2 units have been merged to create Census Units - notably in Ireland IE011_28007_28011 28007 28011 IE011_28017_28016 28017 28016 IE011_28027_28028 28027 28028 IE011_28029_28032 28029 28032 IE011_28041_28034 28041 28034 IE011_31031_31027 31031 31027 IE011_31067_31069 31067 31069 IE011_31078_31071 31078 31071 IE011_32025_32028 32025 32028 IE011_32027_32018 32027 32018 IE011_32084_32082 32084 32082 IE011_32086_32087 32086 32087 IE012_08045_08046 08045 08046 IE012_09024_09035 09024 09035 IE012_12043_12034 12043 12034 IE012_13054_13085 13054 13085 IE013_27027_27028 27027 27028 IE013_27129_27126 27129 27126 IE013_29058_29065 29058 29065 IE013_29150_29130 29150 29130 IE013_30046_30048 30046 30048 IE013_30047_30025 30047 30025 IE023_16014_16008 16014 16008 IE023_16020_16017 16020 16017 IE023_16128_16123 16128 16123 IE023_16132_16133 16132 16133 IE023_22037_22045 22037 22045 IE024_23137_23136 23137 23136 IE024_24002_24006 24002 24006 IE025_18033_18046 18033 18046 IE025_19009_19020 19009 19020 IE025_19014_19011 19014 19011

The data has been generalised from EBM 6 and 6.2 100K scale using ArcGIS tools - bend simplify and line simplify </statement></dataLineage></dqInfo><spatRepInfo><VectSpatRep><geometObjs Name="CENSUS_UNIT_RG_01M_2011"><geoObjTyp><GeoObjTypCd value="002" Sync="TRUE"></GeoObjTypCd></geoObjTyp><geoObjCnt Sync="TRUE">0</geoObjCnt></geometObjs><topLvl><TopoLevCd value="001" Sync="TRUE"></TopoLevCd></topLvl></VectSpatRep></spatRepInfo><refSysInfo><RefSystem><refSysID><idCodeSpace Sync="TRUE">EPSG</idCodeSpace><idVersion Sync="TRUE">7.11.2</idVersion><identCode code="4258" Sync="TRUE"></identCode></refSysID></RefSystem></refSysInfo><mdHrLv><ScopeCd value="005" Sync="TRUE"/></mdHrLv><spdoinfo><ptvctinf><esriterm Name="CENSUS_UNIT_RG_01M_2011"><efeatyp Sync="TRUE">Simple</efeatyp><efeageom code="4" Sync="TRUE"></efeageom><esritopo Sync="TRUE">FALSE</esritopo><efeacnt Sync="TRUE">0</efeacnt><spindex Sync="TRUE">FALSE</spindex><linrefer Sync="TRUE">FALSE</linrefer></esriterm></ptvctinf></spdoinfo></metadata>
